ANO;MES;DATA;EMPRESA;FAZENDA;UF;MUNICIPIO;AREA_T;AREA_PRODU;PRECIP_CHIRPS_MM;TEMP_MEDIA_C;UMID_MEDIA_PCT;TEMP_MIN_C;UMID_MIN_PCT;TEMP_MAX_C;UMID_MAX_PCT;NOITES_FRIAS_Eucalipto_<15C;NOITES_FRIAS_Pinus_<5C;DIRECAO_VENTO_GRAUS
2026.0;1.0;2026-01-01;BRASPINE;AGUA DOCE;PR;JAGUARIAIVA;238,97;121,99;73,93;20,04;83,43;12,51;41,18;28,35;99,82;107,40;0,00;1,95
2026.0;1.0;2026-01-01;BRASPINE;AMATA;;;;;135,22;22,46;80,10;13,10;36,65;31,58;99,96;42,75;0,00;4,24
2026.0;1.0;2026-01-01;BRASPINE;ANTA BRAVA;;;;;156,12;22,91;80,00;15,60;47,63;31,60;99,43;0,00;0,00;24,83
2026.0;1.0;2026-01-01;BRASPINE;ARAPONGAS;PR;SENGES;423,34;263,70;82,23;20,45;83,95;12,76;37,57;29,44;100,00;97,24;0,00;2,54
2026.0;1.0;2026-01-01;BRASPINE;ARROIO CLARO;PR;DOUTOR ULYSSES;275,14;92,00;92,95;20,73;83,52;12,10;37,66;29,78;100,00;97,12;0,00;2,31
2026.0;1.0;2026-01-01;BRASPINE;BARRA GRANDE;PR;DOUTOR ULYSSES;493,79;139,68;87,54;21,06;84,04;13,04;36,68;30,26;100,00;55,77;0,00;36,11
2026.0;1.0;2026-01-01;BRASPINE;BARRA GRANDE - BEMAIS;PR;GUARAPUAVA;299,16;108,61;125,84;20,05;79,85;11,56;43,17;27,97;99,96;121,31;0,00;13,31
2026.0;1.0;2026-01-01;BRASPINE;BARRETOS;PR;JAGUARIAIVA;43,35;32,98;87,57;20,21;84,04;12,45;39,56;28,98;99,93;108,44;0,00;2,38
2026.0;1.0;2026-01-01;BRASPINE;BAU;;;;;120,48;19,96;79,76;11,88;42,26;27,48;99,83;120,47;0,00;1,50
2026.0;1.0;2026-01-01;BRASPINE;BOA VISTA II;PR;PIRAI DO SUL;944,00;535,05;88,46;20,08;83,60;12,27;40,58;28,53;99,94;106,55;0,00;2,24
2026.0;1.0;2026-01-01;BRASPINE;BRASILEIRA;;;;;86,99;20,45;83,95;12,76;37,57;29,44;100,00;97,24;0,00;2,54
2026.0;1.0;2026-01-01;BRASPINE;BURACAO;;;;;145,62;20,54;81,36;11,36;40,72;28,90;99,68;93,70;0,00;4,56
2026.0;1.0;2026-01-01;BRASPINE;BURRINHO;PR;DOUTOR ULYSSES;211,01;100,37;94,35;20,73;83,52;12,10;37,66;29,78;100,00;97,12;0,00;2,31
2026.0;1.0;2026-01-01;BRASPINE;CADEADO I;PR;JAGUARIAIVA;21,07;12,29;87,32;20,15;83,84;12,43;38,58;29,06;100,00;109,05;0,00;0,03
2026.0;1.0;2026-01-01;BRASPINE;CADEADO II;PR;JAGUARIAIVA;21,88;16,79;87,32;20,15;83,84;12,43;38,58;29,06;100,00;109,05;0,00;0,03
2026.0;1.0;2026-01-01;BRASPINE;CAMPINA ALTA;PR;TIBAGI;29,77;18,24;80,06;21,43;80,14;12,71;44,25;29,78;99,83;53,45;0,00;18,26
2026.0;1.0;2026-01-01;BRASPINE;CAMPINA DO ELIAS;PR;JAGUARIAIVA;29,17;14,65;92,93;20,19;83,96;12,44;39,21;29,01;99,96;108,68;0,00;1,58
2026.0;1.0;2026-01-01;BRASPINE;CAMPO NOVO;PR;JAGUARIAIVA;295,98;156,36;84,50;20,15;83,84;12,43;38,58;29,06;100,00;109,05;0,00;0,03
2026.0;1.0;2026-01-01;BRASPINE;CONSULTORIA II A;PR;DOUTOR ULYSSES;89,62;60,79;78,52;20,45;83,95;12,76;37,57;29,44;100,00;97,24;0,00;2,54
2026.0;1.0;2026-01-01;BRASPINE;DINIZ;;;;;78,35;20,45;83,95;12,76;37,57;29,44;100,00;97,24;0,00;2,54
2026.0;1.0;2026-01-01;BRASPINE;ENES;PR;JAGUARIAIVA;5,93;5,69;84,85;20,15;83,84;12,43;38,58;29,06;100,00;109,05;0,00;0,03
2026.0;1.0;2026-01-01;BRASPINE;ENGENHARIA;;;;;78,35;20,45;83,95;12,76;37,57;29,44;100,00;97,24;0,00;2,54
2026.0;1.0;2026-01-01;BRASPINE;ESTACAO;PR;SENGES;4,76;4,14;83,30;20,15;83,84;12,43;38,58;29,06;100,00;109,05;0,00;0,03
2026.0;1.0;2026-01-01;BRASPINE;FAXINAL;PR;JAGUARIAIVA;20,65;20,65;84,85;20,15;83,84;12,43;38,58;29,06;100,00;109,05;0,00;0,03
2026.0;1.0;2026-01-01;BRASPINE;FEITAL;PR;DOUTOR ULYSSES;154,17;86,53;90,02;20,66;83,98;12,86;37,27;29,71;100,00;98,74;0,00;1,35
2026.0;1.0;2026-01-01;BRASPINE;FIGUEIRA;PR;DOUTOR ULYSSES;1053,81;315,71;94,34;20,73;83,52;12,10;37,66;29,78;100,00;97,12;0,00;2,31
2026.0;1.0;2026-01-01;BRASPINE;FIGUEIRINHA;PR;DOUTOR ULYSSES;94,37;56,74;108,40;20,73;83,52;12,10;37,66;29,78;100,00;97,12;0,00;2,31
2026.0;1.0;2026-01-01;BRASPINE;FLOEMA;PR;DOUTOR ULYSSES;2189,88;701,43;99,86;20,13;83,38;11,51;38,28;28,99;100,00;107,26;0,00;4,34
2026.0;1.0;2026-01-01;BRASPINE;FLOEMA I - SUDATI;;;;;81,76;20,45;83,95;12,76;37,57;29,44;100,00;97,24;0,00;2,54
2026.0;1.0;2026-01-01;BRASPINE;FLOEMA II - SUDATI;PR;DOUTOR ULYSSES;453,83;211,13;84,79;20,45;83,95;12,76;37,57;29,44;100,00;97,24;0,00;2,54
2026.0;1.0;2026-01-01;BRASPINE;FLOR DA SERRA;PR;SAO JOSE DA BOA VISTA;209,10;128,72;48,73;22,30;78,39;14,71;40,13;30,53;99,72;44,34;0,00;15,73
2026.0;1.0;2026-01-01;BRASPINE;GENTIL;PR;JAGUARIAIVA;126,77;53,33;76,47;19,91;83,27;12,27;42,52;28,07;99,73;105,91;0,00;5,12
2026.0;1.0;2026-01-01;BRASPINE;GUAIRACA;PR;GUARAPUAVA;623,62;169,31;128,10;20,21;79,59;11,70;44,08;28,36;100,00;107,94;0,00;14,99
2026.0;1.0;2026-01-01;BRASPINE;HERVAL 2 - MADALOSSO;;;;;149,96;20,54;81,36;11,36;40,72;28,90;99,68;93,70;0,00;4,56
2026.0;1.0;2026-01-01;BRASPINE;HERVAL DE BAIXO;PR;RESERVA;827,29;475,92;81,04;21,42;80,20;12,22;44,56;29,80;99,83;52,39;0,00;15,17
2026.0;1.0;2026-01-01;BRASPINE;HORTO 01;PR;TURVO;19,12;19,12;125,82;20,80;81,00;12,32;44,89;28,37;99,81;80,67;0,00;2,69
2026.0;1.0;2026-01-01;BRASPINE;HORTO 02;PR;TURVO;4,24;4,24;124,23;20,80;81,00;12,32;44,89;28,37;99,81;80,67;0,00;2,69
2026.0;1.0;2026-01-01;BRASPINE;HORTO 03;PR;PRUDENTOPOLIS;80,91;25,89;126,87;21,32;80,10;12,76;43,13;29,29;99,91;53,35;0,00;5,90
2026.0;1.0;2026-01-01;BRASPINE;HORTO 08;PR;TURVO;9,53;9,53;111,17;21,32;80,10;12,76;43,13;29,29;99,91;53,35;0,00;5,90
2026.0;1.0;2026-01-01;BRASPINE;HORTO 12;PR;PRUDENTOPOLIS;12,20;12,20;123,18;21,32;80,10;12,76;43,13;29,29;99,91;53,35;0,00;5,90
2026.0;1.0;2026-01-01;BRASPINE;IZAU;PR;PIRAI DO SUL;19,37;11,60;84,93;19,98;83,48;12,18;41,64;28,31;99,77;105,76;0,00;6,83
2026.0;1.0;2026-01-01;BRASPINE;JOAO RICO;PR;JAGUARIAIVA;47,46;26,18;75,81;20,04;83,43;12,51;41,18;28,35;99,82;107,40;0,00;1,95
2026.0;1.0;2026-01-01;BRASPINE;LAGOA;PR;JAGUARIAIVA;24,10;10,78;86,07;20,15;83,84;12,43;38,58;29,06;100,00;109,05;0,00;0,03
2026.0;1.0;2026-01-01;BRASPINE;MARACANA;PR;JANDAIA DO SUL;11,45;11,45;125,61;23,06;78,19;15,23;40,95;30,77;99,89;0,00;0,00;6,51
2026.0;1.0;2026-01-01;BRASPINE;MARRECA;;;;;112,09;20,73;83,52;12,10;37,66;29,78;100,00;97,12;0,00;2,31
2026.0;1.0;2026-01-01;BRASPINE;MARRECA SP;SP;ITAPIRAPUA PAULISTA;675,30;236,19;124,29;21,57;83,37;12,84;37,00;30,77;100,00;71,47;0,00;0,29
2026.0;1.0;2026-01-01;BRASPINE;MARRECAS;;;;;143,55;19,54;79,82;11,11;44,27;27,42;100,00;161,39;0,00;1,99
2026.0;1.0;2026-01-01;BRASPINE;MERCADINHO;;;;;111,18;21,60;82,03;12,47;37,03;30,78;99,96;70,71;0,00;7,33
2026.0;1.0;2026-01-01;BRASPINE;MONTE ALEGRE;;;;;131,81;23,60;77,15;15,78;40,61;31,54;99,89;0,00;0,00;6,25
2026.0;1.0;2026-01-01;BRASPINE;MONTE TABOR II;;;;;119,06;20,51;85,45;13,23;39,29;29,82;99,97;55,34;0,00;19,60
2026.0;1.0;2026-01-01;BRASPINE;MOREIRA;PR;DOUTOR ULYSSES;230,52;68,68;84,79;20,45;83,95;12,76;37,57;29,44;100,00;97,24;0,00;2,54
2026.0;1.0;2026-01-01;BRASPINE;MOREIRAS II;PR;DOUTOR ULYSSES;66,76;28,75;77,61;20,45;83,95;12,76;37,57;29,44;100,00;97,24;0,00;2,54
2026.0;1.0;2026-01-01;BRASPINE;MORRETES;PR;ORTIGUEIRA;20,36;20,36;81,08;21,94;79,71;12,33;42,70;30,47;99,87;68,36;0,00;0,01
2026.0;1.0;2026-01-01;BRASPINE;MORRO AZUL;;;;;80,39;20,48;85,09;13,30;36,57;29,99;100,00;83,92;0,00;33,98
2026.0;1.0;2026-01-01;BRASPINE;OURO FINO;SP;APIAI;51,70;51,70;106,22;20,20;85,99;13,32;38,86;29,54;100,00;83,15;0,00;32,24
2026.0;1.0;2026-01-01;BRASPINE;PALMEIRINHA DE BAIXO - SOSSEGO;PR;SENGES;85,93;9,22;71,25;19,83;84,17;12,71;37,76;28,85;99,85;108,86;0,00;36,78
2026.0;1.0;2026-01-01;BRASPINE;PAZIN;PR;DOUTOR ULYSSES;41,20;23,90;95,86;20,73;83,52;12,10;37,66;29,78;100,00;97,12;0,00;2,31
2026.0;1.0;2026-01-01;BRASPINE;PEDRAS;PR;CASTRO;7,18;7,18;79,97;20,08;83,24;11,99;44,19;27,97;99,62;105,64;0,00;10,26
2026.0;1.0;2026-01-01;BRASPINE;PESCARIA;PR;SAO JOSE DA BOA VISTA;184,57;129,22;54,67;22,34;78,56;14,88;38,11;30,92;99,71;29,83;0,00;8,54
2026.0;1.0;2026-01-01;BRASPINE;PESSEGUEIRO;PR;DOUTOR ULYSSES;109,95;64,79;85,11;20,45;83,95;12,76;37,57;29,44;100,00;97,24;0,00;2,54
2026.0;1.0;2026-01-01;BRASPINE;PITANGA;;;;;114,11;20,73;79,57;12,83;42,81;28,00;99,83;82,30;0,00;0,22
2026.0;1.0;2026-01-01;BRASPINE;QUEIMADINHO ARROIO CLARO;PR;DOUTOR ULYSSES;48,13;19,09;86,99;20,45;83,95;12,76;37,57;29,44;100,00;97,24;0,00;2,54
2026.0;1.0;2026-01-01;BRASPINE;QUEIMADINHO M6042;PR;DOUTOR ULYSSES;48,38;18,50;86,99;20,45;83,95;12,76;37,57;29,44;100,00;97,24;0,00;2,54
2026.0;1.0;2026-01-01;BRASPINE;QUEIMADINHO USUCAPIAO;PR;DOUTOR ULYSSES;200,27;92,43;86,99;20,45;83,95;12,76;37,57;29,44;100,00;97,24;0,00;2,54
2026.0;1.0;2026-01-01;BRASPINE;RAMOS;PR;SENGES;69,83;38,15;81,76;20,15;83,84;12,43;38,58;29,06;100,00;109,05;0,00;0,03
2026.0;1.0;2026-01-01;BRASPINE;RIBEIRAO GRANDE;PR;JAGUARIAIVA;20,77;20,77;81,65;19,98;83,48;12,18;41,64;28,31;99,77;105,76;0,00;6,83
2026.0;1.0;2026-01-01;BRASPINE;RINCAO DE BAIXO;;;;;52,87;20,77;79,18;12,72;44,14;28,94;99,79;81,68;0,00;0,61
2026.0;1.0;2026-01-01;BRASPINE;RIO BOMBA;PR;CERRO AZUL;65,03;37,72;116,29;21,93;80,29;12,37;36,84;30,98;99,90;41,03;0,00;4,71
2026.0;1.0;2026-01-01;BRASPINE;RIO DO MEIO;PR;DOUTOR ULYSSES;712,33;389,13;80,09;20,45;83,95;12,76;37,57;29,44;100,00;97,24;0,00;2,54
2026.0;1.0;2026-01-01;BRASPINE;RONDON;PR;JAGUARIAIVA;2899,24;1475,88;78,64;19,92;84,03;12,64;38,72;28,67;99,93;108,13;0,00;40,29
2026.0;1.0;2026-01-01;BRASPINE;SANTA FELICIDADE;;;;;114,31;21,94;83,40;13,66;36,31;31,32;100,00;28,30;0,00;2,32
2026.0;1.0;2026-01-01;BRASPINE;SANTA LIDIA DO CERCADINHO;;;;;77,56;20,42;79,39;12,42;44,38;28,40;99,78;109,66;0,00;1,36
2026.0;1.0;2026-01-01;BRASPINE;SANTO ANTONIO;;;;;73,55;19,85;84,34;12,76;37,29;29,05;100,00;94,50;0,00;34,97
2026.0;1.0;2026-01-01;BRASPINE;SAO JOSE;PR;JANDAIA DO SUL;37,56;37,56;130,23;23,44;77,43;15,62;40,71;31,30;99,92;0,00;0,00;6,22
2026.0;1.0;2026-01-01;BRASPINE;SAO MATHEUS;;;;;113,09;24,75;75,40;16,91;39,04;33,25;99,82;0,00;0,00;7,49
2026.0;1.0;2026-01-01;BRASPINE;SAO PEDRO E SAO PAULO;PR;SAPOPEMA;709,13;323,93;92,17;21,63;79,30;13,47;42,49;29,21;99,43;55,89;0,00;4,14
2026.0;1.0;2026-01-01;BRASPINE;SAO RAFAEL;;;;;98,65;20,43;80,65;11,94;43,40;28,39;99,52;93,19;0,00;1,70
2026.0;1.0;2026-01-01;BRASPINE;SAO RAFAEL - PB;;;;;86,95;20,34;85,71;13,39;37,97;29,75;100,00;83,60;0,00;33,05
2026.0;1.0;2026-01-01;BRASPINE;SERRARIA;PR;DOUTOR ULYSSES;280,88;117,71;92,68;20,43;83,45;11,81;37,97;29,39;100,00;94,79;0,00;3,34
2026.0;1.0;2026-01-01;BRASPINE;SERRO VERDE;;;;;127,49;20,36;78,66;12,28;42,04;27,93;99,91;123,51;0,00;3,89
2026.0;1.0;2026-01-01;BRASPINE;SERTAOZINHO;PR;DOUTOR ULYSSES;16,25;16,25;76,82;20,45;83,95;12,76;37,57;29,44;100,00;97,24;0,00;2,54
2026.0;1.0;2026-01-01;BRASPINE;SITIO BASILIO;PR;JAGUARIAIVA;8,08;8,08;73,41;19,93;83,24;12,36;42,43;28,07;99,74;106,34;0,00;3,72
2026.0;1.0;2026-01-01;BRASPINE;SITIO DAS MARRECAS;PR;DOUTOR ULYSSES;77,49;35,17;108,40;21,33;83,41;12,63;37,19;30,49;100,00;70,36;0,00;0,87
2026.0;1.0;2026-01-01;BRASPINE;SOBRADINHO;SP;BOM SUCESSO DE ITARARE;285,80;123,10;98,21;19,80;85,20;12,87;38,11;29,12;100,00;94,99;0,00;33,14
2026.0;1.0;2026-01-01;BRASPINE;TAQUARAL;PR;JAGUARIAIVA;519,13;31,07;84,27;20,01;83,92;12,56;40,27;28,50;99,96;107,75;0,00;41,23
2026.0;1.0;2026-01-01;BRASPINE;TUCUNDUVA;PR;SENGES;82,21;60,89;71,76;20,56;81,86;13,14;38,22;29,24;99,73;97,80;0,00;29,95
2026.0;1.0;2026-01-01;BRASPINE;TUCUNDUVA - CHAMMA;;;;;73,42;20,65;81,72;13,35;37,94;29,46;99,65;84,01;0,00;30,64
2026.0;1.0;2026-01-01;BRASPINE;VIENA 1;PR;DOUTOR ULYSSES;263,98;178,34;107,67;20,00;83,41;11,89;39,85;28,53;100,00;106,51;0,00;6,30
2026.0;1.0;2026-01-01;BRASPINE;VIENA 2;PR;CERRO AZUL;140,23;96,54;115,97;21,93;80,29;12,37;36,84;30,98;99,90;41,03;0,00;4,71
2026.0;1.0;2026-01-01;BRASPINE;VITORIA;PR;SENGES;50,54;35,69;71,25;19,83;84,17;12,71;37,76;28,85;99,85;108,86;0,00;36,78
2026.0;1.0;2026-01-01;BRASPINE;VIVEIRO;PR;DOUTOR ULYSSES;405,39;261,22;77,61;20,45;83,95;12,76;37,57;29,44;100,00;97,24;0,00;2,54
2026.0;1.0;2026-01-01;BRASPINE;VO LINO;PR;DOUTOR ULYSSES;164,50;97,89;106,45;20,73;83,52;12,10;37,66;29,78;100,00;97,12;0,00;2,31
2026.0;1.0;2026-01-01;BRASPINE;XAXIM VELHO;;;;;115,71;19,77;79,60;11,43;44,45;27,87;100,00;149,40;0,00;1,85
2026.0;2.0;2026-02-01;BRASPINE;AGUA DOCE;PR;JAGUARIAIVA;238,97;121,99;109,48;20,94;85,34;14,52;46,79;28,39;99,89;14,52;0,00;2,12
2026.0;2.0;2026-02-01;BRASPINE;AMATA;;;;;153,93;23,18;83,08;16,24;41,16;32,32;99,97;0,00;0,00;4,73
2026.0;2.0;2026-02-01;BRASPINE;ANTA BRAVA;;;;;117,40;23,55;81,77;16,74;44,86;31,63;98,05;0,00;0,00;1,34
2026.0;2.0;2026-02-01;BRASPINE;ARAPONGAS;PR;SENGES;423,34;263,70;125,45;21,24;86,60;14,92;43,89;29,63;100,00;14,92;0,00;7,97
2026.0;2.0;2026-02-01;BRASPINE;ARROIO CLARO;PR;DOUTOR ULYSSES;275,14;92,00;135,11;21,50;86,38;15,22;43,82;30,20;100,00;0,00;0,00;12,77
2026.0;2.0;2026-02-01;BRASPINE;BARRA GRANDE;PR;DOUTOR ULYSSES;493,79;139,68;138,49;21,85;86,57;15,47;43,16;30,50;100,00;0,00;0,00;2,79
2026.0;2.0;2026-02-01;BRASPINE;BARRA GRANDE - BEMAIS;PR;GUARAPUAVA;299,16;108,61;128,52;20,94;83,07;15,36;47,48;28,53;99,98;0,00;0,00;17,81
2026.0;2.0;2026-02-01;BRASPINE;BARRETOS;PR;JAGUARIAIVA;43,35;32,98;132,43;21,06;86,31;14,64;45,60;28,98;99,99;14,64;0,00;8,79
2026.0;2.0;2026-02-01;BRASPINE;BAU;;;;;109,12;20,83;83,11;15,38;50,19;28,25;99,81;0,00;0,00;0,03
2026.0;2.0;2026-02-01;BRASPINE;BOA VISTA II;PR;PIRAI DO SUL;944,00;535,05;127,58;20,95;85,76;14,44;45,88;28,64;100,00;14,44;0,00;6,59
2026.0;2.0;2026-02-01;BRASPINE;BRASILEIRA;;;;;131,92;21,24;86,60;14,92;43,89;29,63;100,00;14,92;0,00;7,97
2026.0;2.0;2026-02-01;BRASPINE;BURACAO;;;;;150,69;21,34;84,06;14,96;46,13;29,40;99,72;14,96;0,00;2,41
2026.0;2.0;2026-02-01;BRASPINE;BURRINHO;PR;DOUTOR ULYSSES;211,01;100,37;134,54;21,50;86,38;15,22;43,82;30,20;100,00;0,00;0,00;12,77
2026.0;2.0;2026-02-01;BRASPINE;CADEADO I;PR;JAGUARIAIVA;21,07;12,29;125,30;20,98;86,35;14,51;44,59;29,22;100,00;14,51;0,00;11,75
2026.0;2.0;2026-02-01;BRASPINE;CADEADO II;PR;JAGUARIAIVA;21,88;16,79;125,30;20,98;86,35;14,51;44,59;29,22;100,00;14,51;0,00;11,75
2026.0;2.0;2026-02-01;BRASPINE;CAMPINA ALTA;PR;TIBAGI;29,77;18,24;96,08;22,30;82,38;15,95;47,34;30,56;99,90;0,00;0,00;11,24
2026.0;2.0;2026-02-01;BRASPINE;CAMPINA DO ELIAS;PR;JAGUARIAIVA;29,17;14,65;127,71;21,03;86,33;14,60;45,26;29,06;100,00;14,60;0,00;9,77
2026.0;2.0;2026-02-01;BRASPINE;CAMPO NOVO;PR;JAGUARIAIVA;295,98;156,36;129,25;20,98;86,35;14,51;44,59;29,22;100,00;14,51;0,00;11,75
2026.0;2.0;2026-02-01;BRASPINE;CONSULTORIA II A;PR;DOUTOR ULYSSES;89,62;60,79;126,05;21,24;86,60;14,92;43,89;29,63;100,00;14,92;0,00;7,97
2026.0;2.0;2026-02-01;BRASPINE;DINIZ;;;;;127,00;21,24;86,60;14,92;43,89;29,63;100,00;14,92;0,00;7,97
2026.0;2.0;2026-02-01;BRASPINE;ENES;PR;JAGUARIAIVA;5,93;5,69;129,79;20,98;86,35;14,51;44,59;29,22;100,00;14,51;0,00;11,75
2026.0;2.0;2026-02-01;BRASPINE;ENGENHARIA;;;;;127,00;21,24;86,60;14,92;43,89;29,63;100,00;14,92;0,00;7,97
2026.0;2.0;2026-02-01;BRASPINE;ESTACAO;PR;SENGES;4,76;4,14;123,49;20,98;86,35;14,51;44,59;29,22;100,00;14,51;0,00;11,75
2026.0;2.0;2026-02-01;BRASPINE;FAXINAL;PR;JAGUARIAIVA;20,65;20,65;129,79;20,98;86,35;14,51;44,59;29,22;100,00;14,51;0,00;11,75
2026.0;2.0;2026-02-01;BRASPINE;FEITAL;PR;DOUTOR ULYSSES;154,17;86,53;135,59;21,44;86,59;15,11;43,64;29,87;100,00;0,00;0,00;6,23
2026.0;2.0;2026-02-01;BRASPINE;FIGUEIRA;PR;DOUTOR ULYSSES;1053,81;315,71;130,00;21,50;86,38;15,22;43,82;30,20;100,00;0,00;0,00;12,77
2026.0;2.0;2026-02-01;BRASPINE;FIGUEIRINHA;PR;DOUTOR ULYSSES;94,37;56,74;140,18;21,50;86,38;15,22;43,82;30,20;100,00;0,00;0,00;12,77
2026.0;2.0;2026-02-01;BRASPINE;FLOEMA;PR;DOUTOR ULYSSES;2189,88;701,43;139,84;20,94;86,13;14,41;44,52;29,46;100,00;14,41;0,00;2,53
2026.0;2.0;2026-02-01;BRASPINE;FLOEMA I - SUDATI;;;;;122,75;21,24;86,60;14,92;43,89;29,63;100,00;14,92;0,00;7,97
2026.0;2.0;2026-02-01;BRASPINE;FLOEMA II - SUDATI;PR;DOUTOR ULYSSES;453,83;211,13;117,47;21,24;86,60;14,92;43,89;29,63;100,00;14,92;0,00;7,97
2026.0;2.0;2026-02-01;BRASPINE;FLOR DA SERRA;PR;SAO JOSE DA BOA VISTA;209,10;128,72;95,21;23,07;80,08;16,63;43,43;31,50;99,08;0,00;0,00;0,21
2026.0;2.0;2026-02-01;BRASPINE;GENTIL;PR;JAGUARIAIVA;126,77;53,33;106,38;20,80;85,07;14,46;47,16;28,23;99,59;14,46;0,00;6,82
2026.0;2.0;2026-02-01;BRASPINE;GUAIRACA;PR;GUARAPUAVA;623,62;169,31;132,13;21,12;82,43;15,35;45,44;28,91;100,00;0,00;0,00;3,13
2026.0;2.0;2026-02-01;BRASPINE;HERVAL 2 - MADALOSSO;;;;;139,69;21,34;84,06;14,96;46,13;29,40;99,72;14,96;0,00;2,41
2026.0;2.0;2026-02-01;BRASPINE;HERVAL DE BAIXO;PR;RESERVA;827,29;475,92;104,67;22,31;82,30;16,03;47,50;30,53;99,77;0,00;0,00;9,69
2026.0;2.0;2026-02-01;BRASPINE;HORTO 01;PR;TURVO;19,12;19,12;107,59;21,71;83,37;16,21;49,32;28,91;99,74;0,00;0,00;2,05
2026.0;2.0;2026-02-01;BRASPINE;HORTO 02;PR;TURVO;4,24;4,24;105,25;21,71;83,37;16,21;49,32;28,91;99,74;0,00;0,00;2,05
2026.0;2.0;2026-02-01;BRASPINE;HORTO 03;PR;PRUDENTOPOLIS;80,91;25,89;114,46;22,27;82,20;16,55;46,62;29,89;99,89;0,00;0,00;4,13
2026.0;2.0;2026-02-01;BRASPINE;HORTO 08;PR;TURVO;9,53;9,53;130,91;22,27;82,20;16,55;46,62;29,89;99,89;0,00;0,00;4,13
2026.0;2.0;2026-02-01;BRASPINE;HORTO 12;PR;PRUDENTOPOLIS;12,20;12,20;115,45;22,27;82,20;16,55;46,62;29,89;99,89;0,00;0,00;4,13
2026.0;2.0;2026-02-01;BRASPINE;IZAU;PR;PIRAI DO SUL;19,37;11,60;106,50;20,86;85,31;14,52;46,25;28,50;99,58;14,52;0,00;6,43
2026.0;2.0;2026-02-01;BRASPINE;JOAO RICO;PR;JAGUARIAIVA;47,46;26,18;108,16;20,94;85,34;14,52;46,79;28,39;99,89;14,52;0,00;2,12
2026.0;2.0;2026-02-01;BRASPINE;LAGOA;PR;JAGUARIAIVA;24,10;10,78;122,70;20,98;86,35;14,51;44,59;29,22;100,00;14,51;0,00;11,75
2026.0;2.0;2026-02-01;BRASPINE;MARACANA;PR;JANDAIA DO SUL;11,45;11,45;110,47;23,79;81,58;18,38;43,65;31,85;99,19;0,00;0,00;11,98
2026.0;2.0;2026-02-01;BRASPINE;MARRECA;;;;;128,36;21,50;86,38;15,22;43,82;30,20;100,00;0,00;0,00;12,77
2026.0;2.0;2026-02-01;BRASPINE;MARRECA SP;SP;ITAPIRAPUA PAULISTA;675,30;236,19;147,82;22,30;86,23;16,15;43,29;31,36;100,00;0,00;0,00;7,17
2026.0;2.0;2026-02-01;BRASPINE;MARRECAS;;;;;112,66;20,41;83,48;14,81;46,44;28,09;100,00;29,78;0,00;4,27
2026.0;2.0;2026-02-01;BRASPINE;MERCADINHO;;;;;141,93;22,37;84,82;16,16;42,43;31,33;99,99;0,00;0,00;3,40
2026.0;2.0;2026-02-01;BRASPINE;MONTE ALEGRE;;;;;105,97;24,36;80,50;19,09;43,08;32,58;99,79;0,00;0,00;4,63
2026.0;2.0;2026-02-01;BRASPINE;MONTE TABOR II;;;;;161,89;21,43;87,54;15,40;46,72;29,91;100,00;0,00;0,00;20,44
2026.0;2.0;2026-02-01;BRASPINE;MOREIRA;PR;DOUTOR ULYSSES;230,52;68,68;117,47;21,24;86,60;14,92;43,89;29,63;100,00;14,92;0,00;7,97
2026.0;2.0;2026-02-01;BRASPINE;MOREIRAS II;PR;DOUTOR ULYSSES;66,76;28,75;127,33;21,24;86,60;14,92;43,89;29,63;100,00;14,92;0,00;7,97
2026.0;2.0;2026-02-01;BRASPINE;MORRETES;PR;ORTIGUEIRA;20,36;20,36;111,23;22,84;81,78;16,57;46,50;31,36;99,65;0,00;0,00;1,17
2026.0;2.0;2026-02-01;BRASPINE;MORRO AZUL;;;;;127,44;21,38;87,01;14,53;41,90;29,89;100,00;14,53;0,00;2,49
2026.0;2.0;2026-02-01;BRASPINE;OURO FINO;SP;APIAI;51,70;51,70;159,36;21,11;87,63;14,28;44,36;29,57;100,00;14,28;0,00;29,39
2026.0;2.0;2026-02-01;BRASPINE;PALMEIRINHA DE BAIXO - SOSSEGO;PR;SENGES;85,93;9,22;112,34;20,75;85,80;14,36;43,24;28,55;99,85;14,36;0,00;9,16
2026.0;2.0;2026-02-01;BRASPINE;PAZIN;PR;DOUTOR ULYSSES;41,20;23,90;138,74;21,50;86,38;15,22;43,82;30,20;100,00;0,00;0,00;12,77
2026.0;2.0;2026-02-01;BRASPINE;PEDRAS;PR;CASTRO;7,18;7,18;108,28;20,96;85,22;14,56;46,96;28,55;99,44;14,56;0,00;1,98
2026.0;2.0;2026-02-01;BRASPINE;PESCARIA;PR;SAO JOSE DA BOA VISTA;184,57;129,22;99,87;23,19;79,83;16,67;41,96;31,52;99,41;0,00;0,00;3,82
2026.0;2.0;2026-02-01;BRASPINE;PESSEGUEIRO;PR;DOUTOR ULYSSES;109,95;64,79;124,73;21,24;86,60;14,92;43,89;29,63;100,00;14,92;0,00;7,97
2026.0;2.0;2026-02-01;BRASPINE;PITANGA;;;;;111,05;21,72;81,96;16,38;48,70;29,29;99,68;0,00;0,00;0,30
2026.0;2.0;2026-02-01;BRASPINE;QUEIMADINHO ARROIO CLARO;PR;DOUTOR ULYSSES;48,13;19,09;131,92;21,24;86,60;14,92;43,89;29,63;100,00;14,92;0,00;7,97
2026.0;2.0;2026-02-01;BRASPINE;QUEIMADINHO M6042;PR;DOUTOR ULYSSES;48,38;18,50;131,92;21,24;86,60;14,92;43,89;29,63;100,00;14,92;0,00;7,97
2026.0;2.0;2026-02-01;BRASPINE;QUEIMADINHO USUCAPIAO;PR;DOUTOR ULYSSES;200,27;92,43;131,92;21,24;86,60;14,92;43,89;29,63;100,00;14,92;0,00;7,97
2026.0;2.0;2026-02-01;BRASPINE;RAMOS;PR;SENGES;69,83;38,15;122,75;20,98;86,35;14,51;44,59;29,22;100,00;14,51;0,00;11,75
2026.0;2.0;2026-02-01;BRASPINE;RIBEIRAO GRANDE;PR;JAGUARIAIVA;20,77;20,77;101,32;20,86;85,31;14,52;46,25;28,50;99,58;14,52;0,00;6,43
2026.0;2.0;2026-02-01;BRASPINE;RINCAO DE BAIXO;;;;;74,67;21,67;80,85;15,31;43,56;29,52;99,12;0,00;0,00;1,43
2026.0;2.0;2026-02-01;BRASPINE;RIO BOMBA;PR;CERRO AZUL;65,03;37,72;144,16;22,70;83,15;15,97;41,70;31,57;99,91;0,00;0,00;2,87
2026.0;2.0;2026-02-01;BRASPINE;RIO DO MEIO;PR;DOUTOR ULYSSES;712,33;389,13;128,57;21,24;86,60;14,92;43,89;29,63;100,00;14,92;0,00;7,97
2026.0;2.0;2026-02-01;BRASPINE;RONDON;PR;JAGUARIAIVA;2899,24;1475,88;118,10;20,80;86,07;14,38;44,85;28,56;99,87;14,38;0,00;1,74
2026.0;2.0;2026-02-01;BRASPINE;SANTA FELICIDADE;;;;;152,78;22,66;86,14;16,51;42,94;32,03;100,00;0,00;0,00;2,35
2026.0;2.0;2026-02-01;BRASPINE;SANTA LIDIA DO CERCADINHO;;;;;71,08;21,30;81,21;15,05;44,26;28,90;98,91;0,00;0,00;2,11
2026.0;2.0;2026-02-01;BRASPINE;SANTO ANTONIO;;;;;119,63;20,79;85,92;14,31;42,18;28,76;100,00;14,31;0,00;4,25
2026.0;2.0;2026-02-01;BRASPINE;SAO JOSE;PR;JANDAIA DO SUL;37,56;37,56;106,27;24,19;80,80;18,89;43,28;32,37;99,85;0,00;0,00;5,90
2026.0;2.0;2026-02-01;BRASPINE;SAO MATHEUS;;;;;102,90;25,59;78,46;19,82;42,54;33,95;99,71;0,00;0,00;6,66
2026.0;2.0;2026-02-01;BRASPINE;SAO PEDRO E SAO PAULO;PR;SAPOPEMA;709,13;323,93;90,21;22,28;82,45;16,35;44,29;29,90;99,32;0,00;0,00;1,33
2026.0;2.0;2026-02-01;BRASPINE;SAO RAFAEL;;;;;129,13;21,29;82,59;14,72;46,41;29,62;99,69;14,72;0,00;8,33
2026.0;2.0;2026-02-01;BRASPINE;SAO RAFAEL - PB;;;;;147,37;21,24;87,47;14,42;43,35;29,81;100,00;14,42;0,00;27,03
2026.0;2.0;2026-02-01;BRASPINE;SERRARIA;PR;DOUTOR ULYSSES;280,88;117,71;135,76;21,22;86,25;14,82;44,17;29,83;100,00;14,82;0,00;1,26
2026.0;2.0;2026-02-01;BRASPINE;SERRO VERDE;;;;;105,66;21,23;81,97;15,67;48,64;28,77;99,71;0,00;0,00;4,83
2026.0;2.0;2026-02-01;BRASPINE;SERTAOZINHO;PR;DOUTOR ULYSSES;16,25;16,25;125,72;21,24;86,60;14,92;43,89;29,63;100,00;14,92;0,00;7,97
2026.0;2.0;2026-02-01;BRASPINE;SITIO BASILIO;PR;JAGUARIAIVA;8,08;8,08;109,61;20,82;85,06;14,46;47,09;28,19;99,67;14,46;0,00;6,96
2026.0;2.0;2026-02-01;BRASPINE;SITIO DAS MARRECAS;PR;DOUTOR ULYSSES;77,49;35,17;142,49;22,07;86,27;15,88;43,44;31,01;100,00;0,00;0,00;8,75
2026.0;2.0;2026-02-01;BRASPINE;SOBRADINHO;SP;BOM SUCESSO DE ITARARE;285,80;123,10;129,53;20,78;86,54;14,19;42,33;28,84;100,00;14,19;0,00;19,00
2026.0;2.0;2026-02-01;BRASPINE;TAQUARAL;PR;JAGUARIAIVA;519,13;31,07;115,97;20,91;85,98;14,46;46,40;28,43;100,00;14,46;0,00;7,47
2026.0;2.0;2026-02-01;BRASPINE;TUCUNDUVA;PR;SENGES;82,21;60,89;113,66;21,41;83,62;14,98;43,61;29,05;99,76;14,98;0,00;3,63
2026.0;2.0;2026-02-01;BRASPINE;TUCUNDUVA - CHAMMA;;;;;104,56;21,53;83,21;15,17;43,26;29,20;99,60;0,00;0,00;1,51
2026.0;2.0;2026-02-01;BRASPINE;VIENA 1;PR;DOUTOR ULYSSES;263,98;178,34;140,49;20,83;85,91;14,39;45,75;28,88;100,00;14,39;0,00;0,03
2026.0;2.0;2026-02-01;BRASPINE;VIENA 2;PR;CERRO AZUL;140,23;96,54;144,38;22,70;83,15;15,97;41,70;31,57;99,91;0,00;0,00;2,87
2026.0;2.0;2026-02-01;BRASPINE;VITORIA;PR;SENGES;50,54;35,69;112,34;20,75;85,80;14,36;43,24;28,55;99,85;14,36;0,00;9,16
2026.0;2.0;2026-02-01;BRASPINE;VIVEIRO;PR;DOUTOR ULYSSES;405,39;261,22;127,33;21,24;86,60;14,92;43,89;29,63;100,00;14,92;0,00;7,97
2026.0;2.0;2026-02-01;BRASPINE;VO LINO;PR;DOUTOR ULYSSES;164,50;97,89;129,38;21,50;86,38;15,22;43,82;30,20;100,00;0,00;0,00;12,77
2026.0;2.0;2026-02-01;BRASPINE;XAXIM VELHO;;;;;123,96;20,64;83,12;14,80;44,69;28,58;100,00;14,80;0,00;10,67
2026.0;3.0;2026-03-01;BRASPINE;AGUA DOCE;PR;JAGUARIAIVA;238,97;121,99;117,01;20,26;83,18;13,27;45,67;27,30;99,85;69,76;0,00;0,83
2026.0;3.0;2026-03-01;BRASPINE;AMATA;;;;;159,75;22,37;82,63;15,05;39,10;30,86;99,97;0,00;0,00;6,70
2026.0;3.0;2026-03-01;BRASPINE;ANTA BRAVA;;;;;91,48;22,96;78,54;15,71;34,74;30,32;99,38;0,00;0,00;3,13
2026.0;3.0;2026-03-01;BRASPINE;ARAPONGAS;PR;SENGES;423,34;263,70;122,75;20,55;84,88;13,43;44,20;28,03;100,00;71,02;0,00;5,93
2026.0;3.0;2026-03-01;BRASPINE;ARROIO CLARO;PR;DOUTOR ULYSSES;275,14;92,00;142,84;20,79;85,00;13,59;44,08;28,49;100,00;56,68;0,00;2,08
2026.0;3.0;2026-03-01;BRASPINE;BARRA GRANDE;PR;DOUTOR ULYSSES;493,79;139,68;140,36;21,10;85,11;13,73;43,53;28,85;100,00;42,18;0,00;3,35
2026.0;3.0;2026-03-01;BRASPINE;BARRA GRANDE - BEMAIS;PR;GUARAPUAVA;299,16;108,61;111,22;20,57;82,12;13,62;45,27;27,79;99,95;57,32;0,00;8,15
2026.0;3.0;2026-03-01;BRASPINE;BARRETOS;PR;JAGUARIAIVA;43,35;32,98;133,19;20,43;84,43;13,48;44,91;27,63;99,99;56,22;0,00;0,69
2026.0;3.0;2026-03-01;BRASPINE;BAU;;;;;75,49;20,68;81,33;13,98;46,59;27,36;99,78;13,98;0,00;0,80
2026.0;3.0;2026-03-01;BRASPINE;BOA VISTA II;PR;PIRAI DO SUL;944,00;535,05;127,07;20,29;83,95;13,35;44,83;27,41;100,00;55,94;0,00;1,08
2026.0;3.0;2026-03-01;BRASPINE;BRASILEIRA;;;;;125,70;20,55;84,88;13,43;44,20;28,03;100,00;71,02;0,00;5,93
2026.0;3.0;2026-03-01;BRASPINE;BURACAO;;;;;144,97;20,68;82,79;13,67;44,25;28,30;99,85;42,17;0,00;1,27
2026.0;3.0;2026-03-01;BRASPINE;BURRINHO;PR;DOUTOR ULYSSES;211,01;100,37;142,27;20,79;85,00;13,59;44,08;28,49;100,00;56,68;0,00;2,08
2026.0;3.0;2026-03-01;BRASPINE;CADEADO I;PR;JAGUARIAIVA;21,07;12,29;117,58;20,30;84,67;13,37;44,76;27,65;100,00;70,37;0,00;0,41
2026.0;3.0;2026-03-01;BRASPINE;CADEADO II;PR;JAGUARIAIVA;21,88;16,79;117,58;20,30;84,67;13,37;44,76;27,65;100,00;70,37;0,00;0,41
2026.0;3.0;2026-03-01;BRASPINE;CAMPINA ALTA;PR;TIBAGI;29,77;18,24;112,60;21,69;81,35;14,77;40,44;29,28;99,89;44,44;0,00;0,20
2026.0;3.0;2026-03-01;BRASPINE;CAMPINA DO ELIAS;PR;JAGUARIAIVA;29,17;14,65;122,35;20,38;84,52;13,44;45,07;27,63;99,99;56,04;0,00;0,59
2026.0;3.0;2026-03-01;BRASPINE;CAMPO NOVO;PR;JAGUARIAIVA;295,98;156,36;128,18;20,30;84,67;13,37;44,76;27,65;100,00;70,37;0,00;0,41
2026.0;3.0;2026-03-01;BRASPINE;CONSULTORIA II A;PR;DOUTOR ULYSSES;89,62;60,79;132,48;20,55;84,88;13,43;44,20;28,03;100,00;71,02;0,00;5,93
2026.0;3.0;2026-03-01;BRASPINE;DINIZ;;;;;117,45;20,55;84,88;13,43;44,20;28,03;100,00;71,02;0,00;5,93
2026.0;3.0;2026-03-01;BRASPINE;ENES;PR;JAGUARIAIVA;5,93;5,69;128,93;20,30;84,67;13,37;44,76;27,65;100,00;70,37;0,00;0,41
2026.0;3.0;2026-03-01;BRASPINE;ENGENHARIA;;;;;117,45;20,55;84,88;13,43;44,20;28,03;100,00;71,02;0,00;5,93
2026.0;3.0;2026-03-01;BRASPINE;ESTACAO;PR;SENGES;4,76;4,14;117,60;20,30;84,67;13,37;44,76;27,65;100,00;70,37;0,00;0,41
2026.0;3.0;2026-03-01;BRASPINE;FAXINAL;PR;JAGUARIAIVA;20,65;20,65;128,93;20,30;84,67;13,37;44,76;27,65;100,00;70,37;0,00;0,41
2026.0;3.0;2026-03-01;BRASPINE;FEITAL;PR;DOUTOR ULYSSES;154,17;86,53;129,14;20,73;84,95;13,53;43,98;28,30;100,00;56,47;0,00;5,06
2026.0;3.0;2026-03-01;BRASPINE;FIGUEIRA;PR;DOUTOR ULYSSES;1053,81;315,71;135,02;20,79;85,00;13,59;44,08;28,49;100,00;56,68;0,00;2,08
2026.0;3.0;2026-03-01;BRASPINE;FIGUEIRINHA;PR;DOUTOR ULYSSES;94,37;56,74;139,62;20,79;85,00;13,59;44,08;28,49;100,00;56,68;0,00;2,08
2026.0;3.0;2026-03-01;BRASPINE;FLOEMA;PR;DOUTOR ULYSSES;2189,88;701,43;142,15;20,24;84,74;13,25;44,15;27,72;100,00;69,23;0,00;2,51
2026.0;3.0;2026-03-01;BRASPINE;FLOEMA I - SUDATI;;;;;115,68;20,55;84,88;13,43;44,20;28,03;100,00;71,02;0,00;5,93
2026.0;3.0;2026-03-01;BRASPINE;FLOEMA II - SUDATI;PR;DOUTOR ULYSSES;453,83;211,13;130,78;20,55;84,88;13,43;44,20;28,03;100,00;71,02;0,00;5,93
2026.0;3.0;2026-03-01;BRASPINE;FLOR DA SERRA;PR;SAO JOSE DA BOA VISTA;209,10;128,72;116,87;22,56;76,16;15,55;36,50;29,90;98,43;0,00;0,00;10,28
2026.0;3.0;2026-03-01;BRASPINE;GENTIL;PR;JAGUARIAIVA;126,77;53,33;112,21;20,15;82,80;13,27;45,30;27,05;99,55;84,33;0,00;0,82
2026.0;3.0;2026-03-01;BRASPINE;GUAIRACA;PR;GUARAPUAVA;623,62;169,31;119,27;20,80;81,20;13,90;44,74;28,21;99,98;42,98;0,00;8,91
2026.0;3.0;2026-03-01;BRASPINE;HERVAL 2 - MADALOSSO;;;;;131,99;20,68;82,79;13,67;44,25;28,30;99,85;42,17;0,00;1,27
2026.0;3.0;2026-03-01;BRASPINE;HERVAL DE BAIXO;PR;RESERVA;827,29;475,92;95,61;21,67;81,49;14,62;40,10;29,43;99,80;44,29;0,00;0,39
2026.0;3.0;2026-03-01;BRASPINE;HORTO 01;PR;TURVO;19,12;19,12;78,97;21,48;80,92;14,50;43,18;29,13;99,85;29,38;0,00;3,19
2026.0;3.0;2026-03-01;BRASPINE;HORTO 02;PR;TURVO;4,24;4,24;78,23;21,48;80,92;14,50;43,18;29,13;99,85;29,38;0,00;3,19
2026.0;3.0;2026-03-01;BRASPINE;HORTO 03;PR;PRUDENTOPOLIS;80,91;25,89;82,33;22,03;79,79;14,47;40,91;30,02;99,83;14,47;0,00;4,77
2026.0;3.0;2026-03-01;BRASPINE;HORTO 08;PR;TURVO;9,53;9,53;80,10;22,03;79,79;14,47;40,91;30,02;99,83;14,47;0,00;4,77
2026.0;3.0;2026-03-01;BRASPINE;HORTO 12;PR;PRUDENTOPOLIS;12,20;12,20;84,00;22,03;79,79;14,47;40,91;30,02;99,83;14,47;0,00;4,77
2026.0;3.0;2026-03-01;BRASPINE;IZAU;PR;PIRAI DO SUL;19,37;11,60;117,00;20,26;83,14;13,71;44,13;27,19;99,56;56,84;0,00;3,75
2026.0;3.0;2026-03-01;BRASPINE;JOAO RICO;PR;JAGUARIAIVA;47,46;26,18;115,80;20,26;83,18;13,27;45,67;27,30;99,85;69,76;0,00;0,83
2026.0;3.0;2026-03-01;BRASPINE;LAGOA;PR;JAGUARIAIVA;24,10;10,78;119,35;20,30;84,67;13,37;44,76;27,65;100,00;70,37;0,00;0,41
2026.0;3.0;2026-03-01;BRASPINE;MARACANA;PR;JANDAIA DO SUL;11,45;11,45;136,74;23,55;77,10;17,56;37,86;30,80;99,81;0,00;0,00;1,65
2026.0;3.0;2026-03-01;BRASPINE;MARRECA;;;;;135,24;20,79;85,00;13,59;44,08;28,49;100,00;56,68;0,00;2,08
2026.0;3.0;2026-03-01;BRASPINE;MARRECA SP;SP;ITAPIRAPUA PAULISTA;675,30;236,19;150,02;21,51;85,09;13,89;43,55;29,63;100,00;42,66;0,00;2,25
2026.0;3.0;2026-03-01;BRASPINE;MARRECAS;;;;;121,10;20,04;82,97;13,63;45,86;27,04;99,99;85,94;0,00;0,09
2026.0;3.0;2026-03-01;BRASPINE;MERCADINHO;;;;;140,60;21,60;84,01;14,36;41,87;29,78;100,00;43,86;0,00;0,16
2026.0;3.0;2026-03-01;BRASPINE;MONTE ALEGRE;;;;;140,94;24,20;75,44;17,97;35,99;31,57;99,89;0,00;0,00;0,70
2026.0;3.0;2026-03-01;BRASPINE;MONTE TABOR II;;;;;96,01;20,57;86,85;12,82;48,24;28,37;100,00;54,10;0,00;0,72
2026.0;3.0;2026-03-01;BRASPINE;MOREIRA;PR;DOUTOR ULYSSES;230,52;68,68;130,78;20,55;84,88;13,43;44,20;28,03;100,00;71,02;0,00;5,93
2026.0;3.0;2026-03-01;BRASPINE;MOREIRAS II;PR;DOUTOR ULYSSES;66,76;28,75;132,72;20,55;84,88;13,43;44,20;28,03;100,00;71,02;0,00;5,93
2026.0;3.0;2026-03-01;BRASPINE;MORRETES;PR;ORTIGUEIRA;20,36;20,36;103,20;22,17;81,17;14,82;38,92;30,09;99,78;14,82;0,00;1,60
2026.0;3.0;2026-03-01;BRASPINE;MORRO AZUL;;;;;109,61;20,63;85,46;13,11;42,83;28,56;100,00;54,98;0,00;1,25
2026.0;3.0;2026-03-01;BRASPINE;OURO FINO;SP;APIAI;51,70;51,70;100,79;20,30;86,27;12,54;45,35;28,24;100,00;53,60;0,00;4,91
2026.0;3.0;2026-03-01;BRASPINE;PALMEIRINHA DE BAIXO - SOSSEGO;PR;SENGES;85,93;9,22;108,82;20,08;83,58;12,96;42,70;27,36;99,86;82,89;0,00;11,63
2026.0;3.0;2026-03-01;BRASPINE;PAZIN;PR;DOUTOR ULYSSES;41,20;23,90;133,30;20,79;85,00;13,59;44,08;28,49;100,00;56,68;0,00;2,08
2026.0;3.0;2026-03-01;BRASPINE;PEDRAS;PR;CASTRO;7,18;7,18;116,16;20,32;83,48;13,47;45,60;27,28;99,50;71,37;0,00;0,54
2026.0;3.0;2026-03-01;BRASPINE;PESCARIA;PR;SAO JOSE DA BOA VISTA;184,57;129,22;135,44;22,71;75,95;15,46;34,00;30,26;99,63;0,00;0,00;3,58
2026.0;3.0;2026-03-01;BRASPINE;PESSEGUEIRO;PR;DOUTOR ULYSSES;109,95;64,79;123,02;20,55;84,88;13,43;44,20;28,03;100,00;71,02;0,00;5,93
2026.0;3.0;2026-03-01;BRASPINE;PITANGA;;;;;84,08;21,76;77,88;14,61;41,15;29,08;98,80;14,61;0,00;0,24
2026.0;3.0;2026-03-01;BRASPINE;QUEIMADINHO ARROIO CLARO;PR;DOUTOR ULYSSES;48,13;19,09;125,70;20,55;84,88;13,43;44,20;28,03;100,00;71,02;0,00;5,93
2026.0;3.0;2026-03-01;BRASPINE;QUEIMADINHO M6042;PR;DOUTOR ULYSSES;48,38;18,50;125,70;20,55;84,88;13,43;44,20;28,03;100,00;71,02;0,00;5,93
2026.0;3.0;2026-03-01;BRASPINE;QUEIMADINHO USUCAPIAO;PR;DOUTOR ULYSSES;200,27;92,43;125,70;20,55;84,88;13,43;44,20;28,03;100,00;71,02;0,00;5,93
2026.0;3.0;2026-03-01;BRASPINE;RAMOS;PR;SENGES;69,83;38,15;115,68;20,30;84,67;13,37;44,76;27,65;100,00;70,37;0,00;0,41
2026.0;3.0;2026-03-01;BRASPINE;RIBEIRAO GRANDE;PR;JAGUARIAIVA;20,77;20,77;115,24;20,26;83,14;13,71;44,13;27,19;99,56;56,84;0,00;3,75
2026.0;3.0;2026-03-01;BRASPINE;RINCAO DE BAIXO;;;;;138,67;21,09;78,39;13,95;38,20;28,28;99,40;27,94;0,00;0,45
2026.0;3.0;2026-03-01;BRASPINE;RIO BOMBA;PR;CERRO AZUL;65,03;37,72;147,74;21,91;82,62;14,83;39,19;30,21;99,92;29,73;0,00;3,80
2026.0;3.0;2026-03-01;BRASPINE;RIO DO MEIO;PR;DOUTOR ULYSSES;712,33;389,13;130,86;20,55;84,88;13,43;44,20;28,03;100,00;71,02;0,00;5,93
2026.0;3.0;2026-03-01;BRASPINE;RONDON;PR;JAGUARIAIVA;2899,24;1475,88;118,43;20,12;83,96;13,01;44,50;27,39;99,89;83,00;0,00;19,07
2026.0;3.0;2026-03-01;BRASPINE;SANTA FELICIDADE;;;;;131,07;21,83;85,26;14,12;43,29;30,23;100,00;43,17;0,00;2,99
2026.0;3.0;2026-03-01;BRASPINE;SANTA LIDIA DO CERCADINHO;;;;;131,53;20,71;78,71;13,62;39,22;27,75;99,49;71,53;0,00;0,59
2026.0;3.0;2026-03-01;BRASPINE;SANTO ANTONIO;;;;;112,23;20,07;84,01;12,77;41,84;27,46;100,00;82,49;0,00;5,89
2026.0;3.0;2026-03-01;BRASPINE;SAO JOSE;PR;JANDAIA DO SUL;37,56;37,56;140,98;24,00;75,91;17,86;36,52;31,31;99,91;0,00;0,00;22,26
2026.0;3.0;2026-03-01;BRASPINE;SAO MATHEUS;;;;;115,24;25,58;72,56;18,16;32,49;33,58;99,71;0,00;0,00;6,45
2026.0;3.0;2026-03-01;BRASPINE;SAO PEDRO E SAO PAULO;PR;SAPOPEMA;709,13;323,93;169,27;21,80;78,67;15,53;42,68;28,72;99,61;0,00;0,00;1,18
2026.0;3.0;2026-03-01;BRASPINE;SAO RAFAEL;;;;;68,26;20,80;81,49;13,71;42,75;28,25;99,59;71,35;0,00;0,12
2026.0;3.0;2026-03-01;BRASPINE;SAO RAFAEL - PB;;;;;119,54;20,44;86,03;12,74;44,42;28,43;100,00;54,18;0,00;0,48
2026.0;3.0;2026-03-01;BRASPINE;SERRARIA;PR;DOUTOR ULYSSES;280,88;117,71;144,51;20,51;84,87;13,46;44,23;28,10;100,00;55,62;0,00;0,66
2026.0;3.0;2026-03-01;BRASPINE;SERRO VERDE;;;;;74,26;21,13;79,99;14,57;45,31;27,83;99,72;29,29;0,00;4,29
2026.0;3.0;2026-03-01;BRASPINE;SERTAOZINHO;PR;DOUTOR ULYSSES;16,25;16,25;120,20;20,55;84,88;13,43;44,20;28,03;100,00;71,02;0,00;5,93
2026.0;3.0;2026-03-01;BRASPINE;SITIO BASILIO;PR;JAGUARIAIVA;8,08;8,08;116,54;20,14;82,80;13,13;45,77;27,07;99,63;98,62;0,00;2,49
2026.0;3.0;2026-03-01;BRASPINE;SITIO DAS MARRECAS;PR;DOUTOR ULYSSES;77,49;35,17;140,40;21,31;85,07;13,80;43,70;29,30;100,00;42,42;0,00;0,17
2026.0;3.0;2026-03-01;BRASPINE;SOBRADINHO;SP;BOM SUCESSO DE ITARARE;285,80;123,10;103,72;20,01;84,86;12,55;42,19;27,69;100,00;67,07;0,00;1,08
2026.0;3.0;2026-03-01;BRASPINE;TAQUARAL;PR;JAGUARIAIVA;519,13;31,07;128,50;20,23;83,93;13,13;45,91;27,34;100,00;69,37;0,00;305,25
2026.0;3.0;2026-03-01;BRASPINE;TUCUNDUVA;PR;SENGES;82,21;60,89;131,59;20,79;80,75;13,44;40,85;28,08;98,94;84,27;0,00;5,70
2026.0;3.0;2026-03-01;BRASPINE;TUCUNDUVA - CHAMMA;;;;;137,24;20,95;80,29;13,79;39,40;28,37;98,83;71,70;0,00;1,72
2026.0;3.0;2026-03-01;BRASPINE;VIENA 1;PR;DOUTOR ULYSSES;263,98;178,34;142,11;20,14;84,50;13,07;44,72;27,32;100,00;68,65;0,00;0,67
2026.0;3.0;2026-03-01;BRASPINE;VIENA 2;PR;CERRO AZUL;140,23;96,54;148,04;21,91;82,62;14,83;39,19;30,21;99,92;29,73;0,00;3,80
2026.0;3.0;2026-03-01;BRASPINE;VITORIA;PR;SENGES;50,54;35,69;108,82;20,08;83,58;12,96;42,70;27,36;99,86;82,89;0,00;11,63
2026.0;3.0;2026-03-01;BRASPINE;VIVEIRO;PR;DOUTOR ULYSSES;405,39;261,22;132,72;20,55;84,88;13,43;44,20;28,03;100,00;71,02;0,00;5,93
2026.0;3.0;2026-03-01;BRASPINE;VO LINO;PR;DOUTOR ULYSSES;164,50;97,89;137,51;20,79;85,00;13,59;44,08;28,49;100,00;56,68;0,00;2,08
2026.0;3.0;2026-03-01;BRASPINE;XAXIM VELHO;;;;;126,23;20,36;82,47;13,44;44,81;27,38;99,97;86,53;0,00;2,03

